state,crop,mean_yield,std_yield,mean_rainfall,n_high,ph_acidic,k_high,oc_high,ec_saline,CV,CV_norm,Risk_Category
andhra pradesh,Cotton(lint),2.337012987012987,1.0825587758169108,1022.937012987013,0.3118831168831169,0.43915584415584413,50.3662987012987,20.83961038961039,5.732857142857143,0.46322326056072316,0.13837117727704634,Medium
andhra pradesh,Groundnut,1.895483870967742,1.0745818839844246,1020.9690322580645,0.31593548387096776,0.44,50.454967741935484,21.122516129032256,5.7056774193548385,0.5669169231367794,0.1953935483202456,High
andhra pradesh,Maize,4.022179487179487,1.314534773523438,1023.6891025641025,0.3142948717948718,0.4376923076923077,50.16871794871795,21.105064102564103,5.675128205128205,0.3268215100080584,0.06336224194070353,Low
andhra pradesh,Ragi,1.1765116279069767,0.41422489959182857,1039.8178294573643,0.3124031007751938,0.4966666666666667,50.57984496124031,20.560620155038762,6.112558139534883,0.3520788828315602,0.07725156987973514,Medium
andhra pradesh,Rice,3.161794871794872,0.6690325101117542,1023.6891025641025,0.3142948717948718,0.4376923076923077,50.16871794871795,21.105064102564103,5.675128205128205,0.21159896110906184,0.0,Low
karnataka,Cotton(lint),2.4377007299270073,1.1105914529253411,1018.2423357664235,5.173394160583942,4.413576642335766,45.19518248175182,23.478686131386862,5.770620437956205,0.4555897445863241,0.13417341659001203,Medium
karnataka,Groundnut,0.8860188087774294,0.36657965185557073,1163.930407523511,4.826144200626959,7.159498432601882,42.44241379310345,23.553134796238243,5.597460815047022,0.4137380022004213,0.11115864862979148,Medium
karnataka,Maize,3.2373040752351097,1.1090132186755834,1163.8648902821317,4.8748589341692785,6.748275862068965,42.363354231974924,23.30078369905956,5.574075235109717,0.3425730771351904,0.07202421493810231,Low
karnataka,Ragi,1.4852611940298508,0.4931595062080452,1116.2619402985074,4.259850746268656,5.994776119402985,41.003544776119405,22.533283582089553,4.085373134328358,0.33203554242873035,0.06622950001546533,Low
karnataka,Rice,2.738363636363636,0.767441405669301,1259.7466666666667,4.712151515151515,7.516575757575757,41.55921212121213,25.434060606060605,5.397393939393939,0.28025547647441446,0.03775502954025508,Low
madhya pradesh,Cotton(lint),1.8493043478260869,1.938442278201721,1094.408695652174,0.6030869565217392,1.6329565217391306,25.666826086956522,22.588260869565218,8.364086956521739,1.048200789924286,0.4600572369900671,High
madhya pradesh,Groundnut,1.5583333333333333,0.5844755451722846,1109.2916666666667,0.4868243243243243,1.415900900900901,26.80472972972973,21.834617117117116,6.253761261261261,0.37506452096617193,0.08989164405413498,Medium
madhya pradesh,Maize,2.2632904411764705,0.8915546151969572,1108.3294117647058,0.49402573529411764,1.9598161764705884,27.440863970588236,22.587683823529414,5.967481617647059,0.39391966624200575,0.10026031136978138,Medium
madhya pradesh,Ragi,0.13882352941176473,0.2818218043582943,1207.7764705882353,1.6105882352941177,0.5452941176470588,19.13,33.67941176470588,10.47,2.0300723195300856,1.0,High
madhya pradesh,Rice,1.841949806949807,0.9843496126639192,1104.7,0.48777992277992277,2.0792664092664093,27.107007722007722,22.629864864864867,6.114015444015444,0.5344063171265028,0.17751558169525994,High
maharashtra,Cotton(lint),1.9190592334494774,2.0970991002666683,931.7174216027876,0.23658536585365855,1.8355400696864115,67.44818815331011,10.573519163763066,1.5456794425087106,1.0927745552163948,0.4845688775294765,High
maharashtra,Groundnut,0.8525622775800712,0.4017868800751318,1184.306049822064,0.7777935943060499,4.370569395017794,69.096512455516,16.14985765124555,1.639964412811388,0.47126983053434085,0.14279608124187787,Medium
maharashtra,Maize,2.058950617283951,1.07762041946672,1146.0413580246914,0.6952469135802469,3.6761419753086417,66.8037037037037,15.375864197530863,1.4162962962962964,0.523383324699771,0.1714539078325738,High
maharashtra,Ragi,1.1068794326241134,0.3933993513535452,1983.9953900709218,1.5040425531914894,7.0277304964539,64.64198581560284,34.30702127659575,0.6912765957446808,0.35541301044947704,0.07908504607694039,Medium
maharashtra,Rice,1.5921276595744682,0.9388304289872411,1494.3219858156028,0.8023404255319149,5.383581560283688,65.17567375886526,23.015035460992905,1.758368794326241,0.5896703215608757,0.20790591113201262,High
tamil nadu,Cotton(lint),2.025993788819876,1.0304478837295927,915.6723602484471,0.04307453416149069,3.0472981366459626,52.205683229813665,3.386459627329193,1.4613043478260868,0.5086135453207978,0.16333183152577668,High
tamil nadu,Groundnut,2.331723163841808,0.7567083347507021,936.2765536723165,0.0418361581920904,4.092796610169492,49.549887005649715,3.617118644067797,1.4030790960451978,0.32452751959796533,0.06210074949184798,Low
tamil nadu,Maize,7.036350148367952,2.1152082602368227,930.3094955489614,0.042997032640949555,3.6795845697329375,49.92335311572701,3.4932344213649853,1.4077448071216616,0.30061156929881255,0.04894908565888485,Low
tamil nadu,Ragi,2.9174285714285713,0.6954561742222696,936.5260317460318,0.0440952380952381,3.492603174603175,49.33933333333333,3.757396825396825,1.4216190476190476,0.23837984622249964,0.014727125360083125,Low
tamil nadu,Rice,3.782608695652174,1.4036628520317527,828.7993788819876,0.040186335403726715,4.899565217391305,52.47869565217391,4.956521739130435,1.4077018633540372,0.3710832827210381,0.08770231407209403,Medium
