state,crop,Mean Yield (t/ha),CV,Mean Rainfall (mm),Risk Category,Risk Description,Rainfall Condition,Advisory Action,Farmer Tip,Govt Policy Tip
andhra pradesh,Cotton(lint),2.337012987012987,0.4632232605607231,1022.937012987013,Medium,Moderate variability — some yield fluctuation expected,Adequate rainfall — rainfed cultivation feasible,"CULTIVATE WITH CAUTION — moderate risk, manageable with good practice",Follow recommended sowing windows and use certified seeds,Monitor through Crop Cutting Experiments for early warning
andhra pradesh,Groundnut,1.895483870967742,0.5669169231367794,1020.9690322580644,High,High variability — yield is unpredictable year to year,Adequate rainfall — rainfed cultivation feasible,CAUTION — rainfall is sufficient but yield instability remains high,Diversify with a secondary stable crop to reduce income risk,Support diversification programs and yield stabilisation schemes
andhra pradesh,Maize,4.022179487179487,0.3268215100080584,1023.6891025641024,Low,Low variability — yield is relatively stable,Adequate rainfall — rainfed cultivation feasible,"SAFE TO CULTIVATE — low risk, suitable for primary cropping",Maintain good agronomic practices for consistent returns,Expand area under this crop; suitable for MSP-linked procurement
andhra pradesh,Ragi,1.1765116279069767,0.3520788828315602,1039.8178294573645,Medium,Moderate variability — some yield fluctuation expected,Adequate rainfall — rainfed cultivation feasible,"CULTIVATE WITH CAUTION — moderate risk, manageable with good practice",Follow recommended sowing windows and use certified seeds,Monitor through Crop Cutting Experiments for early warning
andhra pradesh,Rice,3.161794871794872,0.2115989611090618,1023.6891025641024,Low,Low variability — yield is relatively stable,Adequate rainfall — rainfed cultivation feasible,"SAFE TO CULTIVATE — low risk, suitable for primary cropping",Maintain good agronomic practices for consistent returns,Expand area under this crop; suitable for MSP-linked procurement
karnataka,Cotton(lint),2.4377007299270077,0.4555897445863241,1018.2423357664236,Medium,Moderate variability — some yield fluctuation expected,Adequate rainfall — rainfed cultivation feasible,"CULTIVATE WITH CAUTION — moderate risk, manageable with good practice",Follow recommended sowing windows and use certified seeds,Monitor through Crop Cutting Experiments for early warning
karnataka,Groundnut,0.8860188087774294,0.4137380022004213,1163.930407523511,Medium,Moderate variability — some yield fluctuation expected,Adequate rainfall — rainfed cultivation feasible,"CULTIVATE WITH CAUTION — moderate risk, manageable with good practice",Follow recommended sowing windows and use certified seeds,Monitor through Crop Cutting Experiments for early warning
karnataka,Maize,3.2373040752351097,0.3425730771351904,1163.8648902821317,Low,Low variability — yield is relatively stable,Adequate rainfall — rainfed cultivation feasible,"SAFE TO CULTIVATE — low risk, suitable for primary cropping",Maintain good agronomic practices for consistent returns,Expand area under this crop; suitable for MSP-linked procurement
karnataka,Ragi,1.4852611940298508,0.3320355424287303,1116.2619402985074,Low,Low variability — yield is relatively stable,Adequate rainfall — rainfed cultivation feasible,"SAFE TO CULTIVATE — low risk, suitable for primary cropping",Maintain good agronomic practices for consistent returns,Expand area under this crop; suitable for MSP-linked procurement
karnataka,Rice,2.738363636363636,0.2802554764744144,1259.746666666667,Low,Low variability — yield is relatively stable,Adequate rainfall — rainfed cultivation feasible,"SAFE TO CULTIVATE — low risk, suitable for primary cropping",Maintain good agronomic practices for consistent returns,Expand area under this crop; suitable for MSP-linked procurement
madhya pradesh,Cotton(lint),1.8493043478260869,1.048200789924286,1094.408695652174,High,High variability — yield is unpredictable year to year,Adequate rainfall — rainfed cultivation feasible,CAUTION — rainfall is sufficient but yield instability remains high,Diversify with a secondary stable crop to reduce income risk,Support diversification programs and yield stabilisation schemes
madhya pradesh,Groundnut,1.5583333333333331,0.3750645209661719,1109.2916666666667,Medium,Moderate variability — some yield fluctuation expected,Adequate rainfall — rainfed cultivation feasible,"CULTIVATE WITH CAUTION — moderate risk, manageable with good practice",Follow recommended sowing windows and use certified seeds,Monitor through Crop Cutting Experiments for early warning
madhya pradesh,Maize,2.2632904411764705,0.3939196662420057,1108.3294117647058,Medium,Moderate variability — some yield fluctuation expected,Adequate rainfall — rainfed cultivation feasible,"CULTIVATE WITH CAUTION — moderate risk, manageable with good practice",Follow recommended sowing windows and use certified seeds,Monitor through Crop Cutting Experiments for early warning
madhya pradesh,Ragi,0.1388235294117647,2.0300723195300856,1207.7764705882353,High,High variability — yield is unpredictable year to year,Adequate rainfall — rainfed cultivation feasible,CAUTION — rainfall is sufficient but yield instability remains high,Diversify with a secondary stable crop to reduce income risk,Support diversification programs and yield stabilisation schemes
madhya pradesh,Rice,1.841949806949807,0.5344063171265028,1104.7,High,High variability — yield is unpredictable year to year,Adequate rainfall — rainfed cultivation feasible,CAUTION — rainfall is sufficient but yield instability remains high,Diversify with a secondary stable crop to reduce income risk,Support diversification programs and yield stabilisation schemes
maharashtra,Cotton(lint),1.9190592334494772,1.0927745552163948,931.7174216027876,High,High variability — yield is unpredictable year to year,Moderate rainfall — supplemental irrigation recommended,CAUTION — risk is high; invest in water management before planting,Use verified improved varieties; keep a fallback crop ready,Provide access to micro-irrigation schemes and soil health support
maharashtra,Groundnut,0.8525622775800712,0.4712698305343408,1184.306049822064,Medium,Moderate variability — some yield fluctuation expected,Adequate rainfall — rainfed cultivation feasible,"CULTIVATE WITH CAUTION — moderate risk, manageable with good practice",Follow recommended sowing windows and use certified seeds,Monitor through Crop Cutting Experiments for early warning
maharashtra,Maize,2.058950617283951,0.523383324699771,1146.0413580246914,High,High variability — yield is unpredictable year to year,Adequate rainfall — rainfed cultivation feasible,CAUTION — rainfall is sufficient but yield instability remains high,Diversify with a secondary stable crop to reduce income risk,Support diversification programs and yield stabilisation schemes
maharashtra,Ragi,1.1068794326241134,0.355413010449477,1983.9953900709215,Medium,Moderate variability — some yield fluctuation expected,Adequate rainfall — rainfed cultivation feasible,"CULTIVATE WITH CAUTION — moderate risk, manageable with good practice",Follow recommended sowing windows and use certified seeds,Monitor through Crop Cutting Experiments for early warning
maharashtra,Rice,1.5921276595744682,0.5896703215608757,1494.3219858156028,High,High variability — yield is unpredictable year to year,Adequate rainfall — rainfed cultivation feasible,CAUTION — rainfall is sufficient but yield instability remains high,Diversify with a secondary stable crop to reduce income risk,Support diversification programs and yield stabilisation schemes
tamil nadu,Cotton(lint),2.025993788819876,0.5086135453207978,915.6723602484471,High,High variability — yield is unpredictable year to year,Moderate rainfall — supplemental irrigation recommended,CAUTION — risk is high; invest in water management before planting,Use verified improved varieties; keep a fallback crop ready,Provide access to micro-irrigation schemes and soil health support
tamil nadu,Groundnut,2.331723163841808,0.3245275195979653,936.2765536723164,Low,Low variability — yield is relatively stable,Moderate rainfall — supplemental irrigation recommended,"SAFE TO CULTIVATE — low risk, suitable for primary cropping",Maintain good agronomic practices for consistent returns,Expand area under this crop; suitable for MSP-linked procurement
tamil nadu,Maize,7.036350148367952,0.3006115692988125,930.3094955489614,Low,Low variability — yield is relatively stable,Moderate rainfall — supplemental irrigation recommended,"SAFE TO CULTIVATE — low risk, suitable for primary cropping",Maintain good agronomic practices for consistent returns,Expand area under this crop; suitable for MSP-linked procurement
tamil nadu,Ragi,2.9174285714285717,0.2383798462224996,936.5260317460318,Low,Low variability — yield is relatively stable,Moderate rainfall — supplemental irrigation recommended,"SAFE TO CULTIVATE — low risk, suitable for primary cropping",Maintain good agronomic practices for consistent returns,Expand area under this crop; suitable for MSP-linked procurement
tamil nadu,Rice,3.782608695652174,0.3710832827210381,828.7993788819876,Medium,Moderate variability — some yield fluctuation expected,Low rainfall area — irrigation is essential,MODERATE RISK — ensure irrigation before committing full acreage,Test on a small plot first; scale up only with assured water access,Promote drip irrigation and drought-resilient variety programs
